Method,count,mean,std,min,25%,50%,75%,max
ESM_100,153.0,38.146697903401176,24.955269293120978,0.0,19.35483870967742,33.92857142857143,56.126482213438734,98.83720930232558
GRANTHAM_100,153.0,7.171086504331574,17.471021203957513,0.0,0.0,0.0,0.0,98.83720930232558
GRANTHAM_25,153.0,31.448193873816425,25.19249219388104,0.0,15.04424778761062,26.229508196721312,42.91497975708502,100.0
GRANTHAM_50,153.0,23.15602991426506,25.061495953648983,0.0,0.0,16.80672268907563,39.82683982683983,98.83720930232558
GRANTHAM_75,153.0,17.29296514615306,24.046528227251553,0.0,0.0,0.0,28.92561983471074,100.0
